Model,Sampler,Tuning Stage,Threshold,ROC-AUC,Accuracy,Precision(1),Recall(1),F1-Score(1),Precision(0),Recall(0),F2-Score,Custom Score,PScore,Customer Retained per $100
Logistic Regression,Original,Baseline,0.5,0.7771376923919298,0.7135,0.38722826086956524,0.7002457002457002,0.49868766404199477,0.9034810126582279,0.7168863779033271,0.6027918781725888,27.115492468753338,10.499884991297149,38.72282608695652
Logistic Regression,Original,Tuned - Rank 1,0.5,0.7702664143342108,0.8095,0.6326530612244898,0.15233415233415235,0.24554455445544554,0.8186119873817035,0.9774011299435028,0.17960602549246812,9.637466780323924,6.097172861021258,63.26530612244898
Logistic Regression,Original,Tuned - Rank 2,0.5,0.7596595054222173,0.8065,0.5892857142857143,0.16216216216216217,0.2543352601156069,0.819385593220339,0.9711236660389203,0.1896551724137931,9.555984555984557,5.631205184776614,58.92857142857143
Logistic Regression,Original,Tuned - Rank 3,0.5,0.7743413675617066,0.809,0.6086956521739131,0.171990171990172,0.2681992337164751,0.8212201591511936,0.9717514124293786,0.20080321285140562,10.468966990706122,6.372414689995032,60.86956521739131
KNN,Original,Baseline,0.5,0.7530758801945242,0.824,0.6222222222222222,0.343980343980344,0.4430379746835443,0.8495774647887324,0.9466415568110483,0.37776578521316784,21.403221403221405,13.317559984226651,62.22222222222222
KNN,Original,Tuned - Rank 1,0.5,0.728727186354305,0.8125,0.5555555555555556,0.3931203931203931,0.460431654676259,0.8557242990654206,0.9196484620213434,0.4175365344467641,21.84002184002184,12.1333454666788,55.55555555555556
KNN,Original,Tuned - Rank 2,0.5,0.7361043632230072,0.812,0.5532646048109966,0.3955773955773956,0.46131805157593125,0.8560561732007022,0.9183929692404269,0.4194893173527879,21.885897143629105,12.108692234104076,55.32646048109966
KNN,Original,Tuned - Rank 3,0.5,0.7323224611360206,0.8125,0.5583941605839416,0.3759213759213759,0.44933920704845814,0.8528389339513326,0.9240426867545511,0.4022082018927445,20.99123011531771,11.721380319867189,55.839416058394164
Decision Tree,Original,Baseline,0.5,0.6566242667937583,0.775,0.44819277108433736,0.457002457002457,0.45255474452554745,0.8605678233438486,0.8562460765850597,0.4552129221732746,20.482519759628193,9.180117289857456,44.81927710843374
Decision Tree,Original,Tuned - Rank 1,0.5,0.8450977942503366,0.857,0.7429718875502008,0.45454545454545453,0.5640243902439024,0.8732153055396916,0.9598242310106717,0.4928076718167288,33.771449434100035,25.09123753135946,74.29718875502009
Decision Tree,Original,Tuned - Rank 1,0.5,0.8452134723321164,0.857,0.7429718875502008,0.45454545454545453,0.5640243902439024,0.8732153055396916,0.9598242310106717,0.4928076718167288,33.771449434100035,25.09123753135946,74.29718875502009
Decision Tree,Original,Tuned - Rank 3,0.5,0.8422536558129778,0.8535,0.7688679245283019,0.4004914004914005,0.5266558966074314,0.8635346756152126,0.9692404268675455,0.4429347826086957,30.792499188725603,23.67536494227487,76.88679245283019
Random Forest,Original,Baseline,0.5,0.8528983528983529,0.86,0.7702127659574468,0.44471744471744473,0.5638629283489096,0.8719546742209632,0.9661016949152542,0.4857756307031669,34.252705316535106,26.381870903373844,77.02127659574468
Random Forest,Original,Tuned - Rank 1,0.5,0.8647075426736444,0.866,0.8202764976958525,0.43734643734643736,0.5705128205128205,0.8715647784632642,0.975517890772128,0.4823848238482385,35.87450039062942,29.427009537013998,82.02764976958525
Random Forest,Original,Tuned - Rank 2,0.5,0.8638253045032706,0.866,0.8061674008810573,0.44963144963144963,0.5772870662460567,0.8736604624929498,0.9723791588198368,0.49326145552560646,36.247821710376776,29.22181221585441,80.61674008810573
Random Forest,Original,Tuned - Rank 3,0.5,0.8643003558257796,0.867,0.8190045248868778,0.44471744471744473,0.5764331210191083,0.8729623383923553,0.9748901443816698,0.48945375878853437,36.422559951971714,29.830241408628417,81.90045248868778
AdaBoost,Original,Baseline,0.5,0.8481123650615177,0.86,0.7634854771784232,0.4520884520884521,0.5679012345679012,0.8732234223990903,0.9642184557438794,0.4922418405564473,34.51629675696066,26.352691299920174,76.34854771784232
AdaBoost,Original,Tuned - Rank 1,0.5,0.8505508590254353,0.855,0.7127272727272728,0.48157248157248156,0.5747800586510264,0.8776811594202899,0.9504080351537979,0.5149763531266421,34.32298414116596,24.46292687879465,71.27272727272728
AdaBoost,Original,Tuned - Rank 2,0.5,0.8481123650615177,0.86,0.7634854771784232,0.4520884520884521,0.5679012345679012,0.8732234223990903,0.9642184557438794,0.4922418405564473,34.51629675696066,26.352691299920174,76.34854771784232
AdaBoost,Original,Tuned - Rank 3,0.5,0.8490501287111456,0.8515,0.6923076923076923,0.4864864864864865,0.5714285714285714,0.8780630105017503,0.9447583176396736,0.5172413793103449,33.679833679833685,23.316807932192546,69.23076923076923
XGBoost,Original,Baseline,0.5,0.8357602594890731,0.8225,0.5575221238938053,0.6191646191646192,0.5867287543655413,0.8998708010335917,0.874450721908349,0.6057692307692307,34.519797351655754,19.245550735878872,55.75221238938053
XGBoost,Original,Tuned - Rank 1,0.5,0.866671756502265,0.8695,0.8230088495575221,0.457002457002457,0.5876777251184834,0.8754227733934611,0.9748901443816698,0.5016181229773463,37.61170663825531,30.95476741024552,82.30088495575221
XGBoost,Original,Tuned - Rank 2,0.5,0.8673743080522743,0.869,0.7911646586345381,0.48402948402948404,0.600609756097561,0.8800685322672759,0.9673571876961707,0.5247735748534896,38.29470215012383,30.297414954114032,79.11646586345381
XGBoost,Original,Tuned - Rank 3,0.5,0.8589359775800454,0.864,0.8534031413612565,0.4004914004914005,0.5451505016722408,0.865118850193477,0.9824231010671689,0.4480483782297966,34.178061926753024,29.16766541393059,85.34031413612566
LightGBM,Original,Baseline,0.5,0.8619096754689974,0.816,0.5351351351351351,0.7297297297297297,0.6174636174636174,0.9238754325259516,0.8380414312617702,0.6802565277141548,39.05040175310445,20.89724201922887,53.51351351351351
LightGBM,Original,Tuned - Rank 1,0.5,0.8635870076548042,0.853,0.869281045751634,0.32678132678132676,0.475,0.8516513264753655,0.9874450721908349,0.373385738349242,28.40648134765782,24.693215812016277,86.9281045751634
LightGBM,Original,Tuned - Rank 2,0.5,0.8637366179739061,0.852,0.8627450980392157,0.32432432432432434,0.4714285714285714,0.8511099079588522,0.9868173258003766,0.37057832678270636,27.98092209856916,24.14040337915771,86.27450980392157
LightGBM,Original,Tuned - Rank 3,0.5,0.8633032107608379,0.8535,0.8701298701298701,0.32923832923832924,0.47771836007130125,0.852112676056338,0.9874450721908349,0.3759820426487093,28.648010466192282,24.92748962642705,87.01298701298701
Logistic Regression,RandomOverSampler,Baseline,0.5,0.7781140154021509,0.716,0.3910690121786198,0.7100737100737101,0.5043630017452007,0.9064234734337827,0.7175141242937854,0.6104773975496409,27.768782437253346,10.859510317139673,39.106901217861974
Logistic Regression,RandomOverSampler,Tuned - Rank 1,0.5,0.7647385443995613,0.6585,0.347682119205298,0.773955773955774,0.4798172124904798,0.9159049360146252,0.6290018832391714,0.6215469613259669,26.909058366012005,9.355798438514109,34.7682119205298
Logistic Regression,RandomOverSampler,Tuned - Rank 2,0.5,0.7745881474695034,0.692,0.37082818294190356,0.7371007371007371,0.4934210526315789,0.910159529806885,0.6804770872567483,0.6155108740254411,27.33377269842041,10.136133262702254,37.08281829419035
Logistic Regression,RandomOverSampler,Tuned - Rank 3,0.5,0.7775680148561505,0.7115,0.38666666666666666,0.7125307125307125,0.5012964563526361,0.9064,0.7112366603892027,0.6097560975609756,27.55118755118755,10.653125853125852,38.666666666666664
KNN,RandomOverSampler,Baseline,0.5,0.7379127972348312,0.7195,0.38676470588235295,0.6461916461916462,0.48390064397424104,0.8909090909090909,0.7382297551789078,0.5697573656845754,24.99241219829455,9.666182953163922,38.6764705882353
KNN,RandomOverSampler,Tuned - Rank 1,0.5,0.785532836380294,0.7455,0.42153846153846153,0.6732186732186732,0.5184484389782403,0.9014814814814814,0.7639673571876961,0.6014047410008779,28.378756378756382,11.962737304275766,42.15384615384615
KNN,RandomOverSampler,Tuned - Rank 2,0.5,0.7893880012524079,0.7445,0.42168674698795183,0.687960687960688,0.5228758169934641,0.9049401197604791,0.7589453860640302,0.6108202443280978,29.01039045617359,12.233297180314166,42.168674698795186
KNN,RandomOverSampler,Tuned - Rank 3,0.5,0.7786075752177447,0.7415,0.4153846153846154,0.6633906633906634,0.510879848628193,0.8985185185185185,0.7614563716258631,0.5926251097453907,27.556227556227558,11.446432984894525,41.53846153846154
Decision Tree,RandomOverSampler,Baseline,0.5,0.6764152442118544,0.7905,0.4852216748768473,0.48402948402948404,0.48462484624846247,0.8682559598494354,0.8688010043942247,0.48426745329400195,23.486159693056248,11.395993742689853,48.52216748768473
Decision Tree,RandomOverSampler,Tuned - Rank 1,0.5,0.688166594946256,0.784,0.4722838137472284,0.5233415233415234,0.4965034965034965,0.8747579083279535,0.8505963590709353,0.5122655122655123,24.71657305360188,11.673237384517074,47.22838137472284
Decision Tree,RandomOverSampler,Tuned - Rank 2,0.5,0.6751103954493785,0.777,0.45598194130925507,0.4963144963144963,0.4752941176470588,0.8683365446371226,0.8487131198995606,0.4876871076774505,22.631044752940916,10.31934772030263,45.598194130925506
Decision Tree,RandomOverSampler,Tuned - Rank 3,0.5,0.6871038989683058,0.779,0.4613686534216336,0.5135135135135135,0.48604651162790696,0.8720103425985779,0.8468298807281858,0.502162421912542,23.691903824354156,10.930701764437128,46.13686534216336
Random Forest,RandomOverSampler,Baseline,0.5,0.8515071311681481,0.8485,0.6566265060240963,0.5356265356265356,0.5899864682002707,0.8866906474820144,0.928436911487759,0.5561224489795918,35.17065806222433,23.09398631796657,65.66265060240963
Random Forest,RandomOverSampler,Tuned - Rank 1,0.5,0.8467681857512366,0.8565,0.7380952380952381,0.457002457002457,0.5644916540212443,0.8735697940503433,0.9585687382297552,0.4946808510638298,33.73113373113373,24.896789182503472,73.80952380952381
Random Forest,RandomOverSampler,Tuned - Rank 2,0.5,0.8478648139665089,0.855,0.7276264591439688,0.4594594594594595,0.5632530120481928,0.8737808376362594,0.9560577526679221,0.4960212201591512,33.43148596066884,24.325633753482776,72.76264591439688
Random Forest,RandomOverSampler,Tuned - Rank 3,0.5,0.8500133415387653,0.856,0.7245283018867924,0.47174447174447176,0.5714285714285714,0.8760806916426513,0.9541745134965474,0.5071315372424723,34.179222103750405,24.763813750641802,72.45283018867924
AdaBoost,RandomOverSampler,Baseline,0.5,0.8478740682130514,0.7845,0.4806451612903226,0.7321867321867321,0.5803310613437196,0.9210144927536232,0.7978656622724419,0.6628113879003559,35.19220099865261,16.914961125158836,48.064516129032256
AdaBoost,RandomOverSampler,Tuned - Rank 1,0.5,0.8513690886572244,0.7795,0.4735202492211838,0.7469287469287469,0.5795996186844614,0.9241531664212077,0.7878217200251099,0.6696035242290749,35.368588639616675,16.74774290723282,47.35202492211838
AdaBoost,RandomOverSampler,Tuned - Rank 2,0.5,0.8524186744525727,0.785,0.4816,0.7395577395577395,0.5833333333333334,0.9229090909090909,0.7966101694915254,0.6679982245894364,35.617100737100735,17.153195714987714,48.16
AdaBoost,RandomOverSampler,Tuned - Rank 3,0.5,0.8523438692930219,0.7805,0.47468354430379744,0.7371007371007371,0.5774783445620789,0.9217836257309941,0.7915881983678594,0.6637168141592921,34.98895903959195,16.6086830884139,47.46835443037975
XGBoost,RandomOverSampler,Baseline,0.5,0.8365314467009382,0.78,0.4737678855325914,0.7321867321867321,0.5752895752895753,0.9204959883296864,0.7922159447583177,0.6601683650863979,34.68865599231259,16.43437120144539,47.37678855325914
XGBoost,RandomOverSampler,Tuned - Rank 1,0.5,0.8347793093555806,0.846,0.6410256410256411,0.5528255528255528,0.5936675461741425,0.8896300788356579,0.9209039548022598,0.5684689236988378,35.43753543753544,22.716368870215028,64.1025641025641
XGBoost,RandomOverSampler,Tuned - Rank 2,0.5,0.8384887198446522,0.843,0.6267029972752044,0.5651105651105651,0.5943152454780362,0.8916105327617881,0.9139987445072191,0.5764411027568922,35.41564849466757,22.195093062053246,62.67029972752044
XGBoost,RandomOverSampler,Tuned - Rank 3,0.5,0.8401452299757385,0.8475,0.6424581005586593,0.5651105651105651,0.6013071895424836,0.892204628501827,0.9196484620213434,0.5790533736153072,36.30598602665642,23.32507482159491,64.24581005586593
LightGBM,RandomOverSampler,Baseline,0.5,0.8522220217135471,0.824,0.5542406311637081,0.6904176904176904,0.6148796498905909,0.9156061620897522,0.8581293157564344,0.65807962529274,38.265753650369035,21.208435455135504,55.42406311637082
LightGBM,RandomOverSampler,Tuned - Rank 1,0.5,0.8338492575780712,0.836,0.6082191780821918,0.5454545454545454,0.5751295336787565,0.8868501529051988,0.9102322661644695,0.5569493226292022,33.17559153175591,20.178031013835106,60.82191780821918
LightGBM,RandomOverSampler,Tuned - Rank 2,0.5,0.8331551890873926,0.8345,0.6091954022988506,0.5208845208845209,0.56158940397351,0.8819612590799032,0.9146264908976773,0.5364372469635628,31.732045525148973,19.33101623945857,60.91954022988506
LightGBM,RandomOverSampler,Tuned - Rank 3,0.5,0.8336425794052913,0.8355,0.6101694915254238,0.5307125307125307,0.5676741130091985,0.8839611178614823,0.9133709981167608,0.544904137235116,32.38245950110357,19.758788848130994,61.016949152542374
Logistic Regression,SMOTE,Baseline,0.5,0.7768754887398955,0.7155,0.38904109589041097,0.6977886977886978,0.4995602462620932,0.9031496062992126,0.7200251098556183,0.6022052586938084,27.14684796876578,10.561239483739014,38.9041095890411
Logistic Regression,SMOTE,Tuned - Rank 1,0.5,0.7594096407655729,0.6575,0.3458980044345898,0.7665847665847666,0.4766997708174179,0.9134790528233151,0.6296296296296297,0.616600790513834,26.51601409916266,9.17183636245981,34.58980044345898
Logistic Regression,SMOTE,Tuned - Rank 2,0.5,0.7721589077521281,0.697,0.3751568381430364,0.7346437346437347,0.49667774086378735,0.9102244389027432,0.687382297551789,0.6164948453608248,27.56066206505354,10.339570837454213,37.51568381430364
Logistic Regression,SMOTE,Tuned - Rank 3,0.5,0.7761675388794033,0.714,0.3880597014925373,0.7027027027027027,0.5,0.9041963578780681,0.7168863779033271,0.6046511627906976,27.269060104881003,10.582023324282181,38.80597014925373
KNN,SMOTE,Baseline,0.5,0.7553778740219418,0.7245,0.39285714285714285,0.6486486486486487,0.4893419833178869,0.8923192771084337,0.743879472693032,0.5739130434782609,25.482625482625483,10.011031439602869,39.285714285714285
KNN,SMOTE,Tuned - Rank 1,0.5,0.7388413066379169,0.745,0.41196581196581195,0.5921375921375921,0.48588709677419356,0.8826855123674912,0.7840552416823603,0.5445097153185721,24.394044394044393,10.04951230592256,41.19658119658119
KNN,SMOTE,Tuned - Rank 2,0.5,0.7366457366457366,0.7425,0.41089108910891087,0.6117936117936118,0.491609081934847,0.8866571018651362,0.775894538606403,0.5572963294538944,25.138054345975135,10.329002528296712,41.089108910891085
KNN,SMOTE,Tuned - Rank 3,0.5,0.7609342778834304,0.7465,0.4190938511326861,0.6363636363636364,0.5053658536585366,0.8929088277858177,0.7746390458254865,0.5765805877114871,26.66960870844366,11.177069021823478,41.90938511326861
Decision Tree,SMOTE,Baseline,0.5,0.6713832476544341,0.765,0.43451143451143454,0.5135135135135135,0.47072072072072074,0.869651086240948,0.8292529817953547,0.4954954954954955,22.312749339776367,9.695144723520293,43.45114345114345
Decision Tree,SMOTE,Tuned - Rank 1,0.5,0.7293472208726446,0.769,0.44990892531876137,0.6068796068796068,0.5167364016736402,0.8897312198483804,0.810420590081607,0.5672944418925127,27.30405517290763,12.284338119687039,44.990892531876135
Decision Tree,SMOTE,Tuned - Rank 2,0.5,0.7917000205135799,0.7625,0.446875,0.7027027027027027,0.5463228271251194,0.9110294117647059,0.7777777777777778,0.6305114638447972,31.402027027027028,14.032780827702704,44.6875
Decision Tree,SMOTE,Tuned - Rank 3,0.5,0.7991643415372229,0.7825,0.47594501718213056,0.6805896805896806,0.5601617795753286,0.9083215796897038,0.8085373509102323,0.6266968325791855,32.39232672222363,15.416966498377912,47.59450171821305
Random Forest,SMOTE,Baseline,0.5,0.8473072456123303,0.8395,0.6038647342995169,0.6142506142506142,0.6090133982947625,0.9010088272383354,0.8970495919648462,0.6121449559255632,37.09242839677622,22.39880941834313,60.38647342995169
Random Forest,SMOTE,Tuned - Rank 1,0.5,0.8445479377682766,0.842,0.6213333333333333,0.5724815724815725,0.5959079283887468,0.8929230769230769,0.9108600125549278,0.581627558662007,35.57018837018837,22.100943707343706,62.133333333333326
Random Forest,SMOTE,Tuned - Rank 2,0.5,0.849660137795731,0.8425,0.6144278606965174,0.6068796068796068,0.6106304079110012,0.899874843554443,0.9026993094789705,0.6083743842364532,37.28837385553804,22.911015776910187,61.442786069651746
Random Forest,SMOTE,Tuned - Rank 3,0.5,0.8489938320446795,0.8415,0.6130653266331658,0.5995085995085995,0.6062111801242236,0.8982521847690387,0.9033270558694287,0.6021717670286278,36.75379353771313,22.532476440206043,61.30653266331658
AdaBoost,SMOTE,Baseline,0.5,0.851221791899758,0.7845,0.4811320754716981,0.7518427518427518,0.5867689357622243,0.9259530791788856,0.7928436911487758,0.6757950530035336,36.17356636224561,17.40426306108043,48.113207547169814
AdaBoost,SMOTE,Tuned - Rank 1,0.5,0.8534605483758025,0.8035,0.5125,0.7051597051597052,0.59358841778697,0.9166666666666666,0.8286252354048964,0.6558500914076782,36.13943488943489,18.521460380835382,51.24999999999999
AdaBoost,SMOTE,Tuned - Rank 2,0.5,0.8541206846291591,0.8045,0.5144927536231884,0.6977886977886978,0.5922836287799792,0.9150552486187845,0.8317639673571877,0.6513761467889908,35.900722857244595,18.47066175988671,51.449275362318836
AdaBoost,SMOTE,Tuned - Rank 3,0.5,0.8520238266000978,0.7895,0.48841059602649006,0.7248157248157249,0.5835806132542037,0.9197707736389685,0.8060263653483992,0.66084229390681,35.40076801666206,17.290110206813424,48.841059602649004
XGBoost,SMOTE,Baseline,0.5,0.8313259330208485,0.796,0.49914236706689535,0.714987714987715,0.5878787878787879,0.918136908962597,0.8166980539861896,0.6580732700135685,35.68806604827188,17.813425763374127,49.914236706689536
XGBoost,SMOTE,Tuned - Rank 1,0.5,0.8607482675279287,0.8285,0.5637450199203188,0.6953316953316954,0.6226622662266227,0.9172229639519359,0.8625235404896422,0.6643192488262911,39.19897804359957,22.098228658045173,56.37450199203188
XGBoost,SMOTE,Tuned - Rank 2,0.5,0.8521695809831402,0.8335,0.5787234042553191,0.6683046683046683,0.6202964652223489,0.9117647058823529,0.8757062146892656,0.6482364156339371,38.67635527209995,22.38291198725784,57.87234042553191
XGBoost,SMOTE,Tuned - Rank 3,0.5,0.8610289796730475,0.8315,0.5711382113821138,0.6904176904176904,0.625139043381535,0.916445623342175,0.8675455116133082,0.6627358490566038,39.432392481172975,22.521346112214644,57.113821138211385
LightGBM,SMOTE,Baseline,0.5,0.8573627556678405,0.857,0.6805970149253732,0.5601965601965602,0.6145552560646901,0.8924924924924925,0.9328311362209667,0.5807437595517065,38.12681066412409,25.948993526627746,68.05970149253731
LightGBM,SMOTE,Tuned - Rank 1,0.5,0.857318797996764,0.8205,0.5465116279069767,0.6928746928746928,0.6110509209100758,0.9157681940700808,0.8531073446327684,0.6576492537313433,37.86640763384949,20.694432078964255,54.65116279069767
LightGBM,SMOTE,Tuned - Rank 2,0.5,0.8576480949362306,0.824,0.5538160469667319,0.6953316953316954,0.616557734204793,0.9167226326393553,0.8568738229755178,0.6615240766713417,38.50858508392756,21.326672365462816,55.38160469667319
LightGBM,SMOTE,Tuned - Rank 3,0.5,0.8600056142429024,0.8185,0.5421455938697318,0.6953316953316954,0.6092572658772875,0.9161028416779432,0.8499686126804771,0.6581395348837209,37.69710149020494,20.43731747457471,54.214559386973185
Logistic Regression,SMOTEENN,Baseline,0.5,0.7703898042881094,0.6905,0.3681592039800995,0.7272727272727273,0.4888521882741536,0.907190635451505,0.6811048336472065,0.6085526315789473,26.775214834916326,9.857541780018945,36.81592039800995
Logistic Regression,SMOTEENN,Tuned - Rank 1,0.5,0.7479852734090022,0.5935,0.3077651515151515,0.7985257985257985,0.44429254955570746,0.913135593220339,0.5411173885750157,0.6054396423248882,24.57584133720497,7.563587532757212,30.77651515151515
Logistic Regression,SMOTEENN,Tuned - Rank 2,0.5,0.7631036275104073,0.6215,0.32429718875502006,0.7936117936117936,0.46044191019244474,0.9163346613545816,0.5775266792215945,0.6154725609756098,25.736607363113386,8.34630941594942,32.429718875502004
Logistic Regression,SMOTEENN,Tuned - Rank 3,0.5,0.769785193514007,0.647,0.34010695187165774,0.7813267813267813,0.47391952309985097,0.9164319248826291,0.6126804770872567,0.6203667577058135,26.573467001274487,9.037820862465546,34.01069518716577
KNN,SMOTEENN,Baseline,0.5,0.7586091484396569,0.6915,0.37037037037037035,0.7371007371007371,0.4930156121610518,0.9100840336134454,0.67984934086629,0.6152584085315833,27.300027300027295,10.111121222232331,37.03703703703704
KNN,SMOTEENN,Tuned - Rank 1,0.5,0.7382127890602467,0.7025,0.37792207792207794,0.714987714987715,0.49447748513169076,0.9056910569105691,0.6993094789704959,0.6067556296914095,27.02096429369157,10.21181897333019,37.79220779220779
KNN,SMOTEENN,Tuned - Rank 2,0.5,0.7305302220556458,0.712,0.3840877914951989,0.687960687960688,0.49295774647887325,0.9000786782061369,0.7181418706842435,0.5939753924480271,26.42373012743383,10.149032147711212,38.40877914951989
KNN,SMOTEENN,Tuned - Rank 3,0.5,0.7504430470532165,0.699,0.3738680465717982,0.7100737100737101,0.48983050847457626,0.9038304808475958,0.6961707470182047,0.6018325697625989,26.54738709072474,9.925219753194629,37.386804657179816
Decision Tree,SMOTEENN,Baseline,0.5,0.7490996389301473,0.7635,0.4496951219512195,0.7248157248157249,0.555032925682032,0.9166666666666666,0.77338355304457,0.6457968476357268,32.5946095763169,14.657636928374213,44.96951219512195
Decision Tree,SMOTEENN,Tuned - Rank 1,0.5,0.7664366986400886,0.771,0.4611872146118721,0.7444717444717445,0.5695488721804511,0.9225614296351452,0.7777777777777778,0.6630196936542669,34.33408501901653,15.834441036167435,46.118721461187214
Decision Tree,SMOTEENN,Tuned - Rank 2,0.5,0.7919591394167667,0.766,0.45468053491827637,0.7518427518427518,0.5666666666666667,0.9238884702336096,0.7696170747018205,0.6649282920469362,34.18482645822913,15.543175180116068,45.46805349182764
Decision Tree,SMOTEENN,Tuned - Rank 3,0.5,0.7951009561179053,0.7635,0.45103857566765576,0.7469287469287469,0.5624421831637373,0.9223227752639518,0.7677338355304457,0.6602953953084274,33.68936781399689,15.195204473968923,45.103857566765576
Random Forest,SMOTEENN,Baseline,0.5,0.8500079432282822,0.793,0.4943089430894309,0.7469287469287469,0.5949119373776908,0.9256317689530686,0.8047708725674827,0.6776638430673205,36.921355945746186,18.250556434970473,49.43089430894309
Random Forest,SMOTEENN,Tuned - Rank 1,0.5,0.8473720253381269,0.8045,0.5139372822299652,0.7248157248157249,0.601427115188583,0.9214586255259467,0.8248587570621468,0.6698455949137148,37.25098237293359,19.14466864114183,51.393728222996515
Random Forest,SMOTEENN,Tuned - Rank 2,0.5,0.8500827483878329,0.791,0.4909983633387889,0.7371007371007371,0.5893909626719057,0.9229661627069834,0.8047708725674827,0.6699419383653417,36.191525553227684,17.769979813368746,49.09983633387889
Random Forest,SMOTEENN,Tuned - Rank 3,0.5,0.8501058840041891,0.793,0.4942528735632184,0.7395577395577395,0.59251968503937,0.9237958303378864,0.8066541117388575,0.6727760393383997,36.5528537942331,18.0663530247359,49.42528735632184
AdaBoost,SMOTEENN,Baseline,0.5,0.8476249747436189,0.743,0.4296977660972405,0.8034398034398035,0.559931506849315,0.9354317998385795,0.7275580665411174,0.6843867727082461,34.52362887316895,14.83472620437089,42.96977660972405
AdaBoost,SMOTEENN,Tuned - Rank 1,0.5,0.8516320634964702,0.7635,0.45161290322580644,0.7567567567567568,0.5656565656565656,0.924886191198786,0.7652228499686127,0.6666666666666666,34.17611159546644,15.434372978597743,45.16129032258064
AdaBoost,SMOTEENN,Tuned - Rank 2,0.5,0.8508948085219271,0.7555,0.44176136363636365,0.7641277641277642,0.5598559855985599,0.9259259259259259,0.7532956685499058,0.6668096054888508,33.756212307348676,14.912190380092952,44.17613636363637
AdaBoost,SMOTEENN,Tuned - Rank 3,0.5,0.8470959403162792,0.735,0.42002600780234073,0.7936117936117936,0.5493197278911565,0.9317627944760357,0.7200251098556183,0.6737588652482269,33.33375934156168,14.001045861280135,42.002600780234076
XGBoost,SMOTEENN,Baseline,0.5,0.8487917809951709,0.7865,0.4845201238390093,0.769041769041769,0.5944919278252612,0.930576070901034,0.7909604519774012,0.6882145998240985,37.26162131734887,18.05400537512414,48.45201238390093
XGBoost,SMOTEENN,Tuned - Rank 1,0.5,0.850078121264562,0.807,0.5186500888099467,0.7174447174447175,0.6020618556701031,0.9199721642310369,0.8298807281858129,0.6663623916020082,37.21027664189298,19.299113284960477,51.865008880994665
XGBoost,SMOTEENN,Tuned - Rank 2,0.5,0.8576727729270102,0.797,0.5008210180623974,0.7493857493857494,0.6003937007874016,0.9266714593817398,0.8091650973006905,0.6817165847116674,37.530813392882365,18.796220172133207,50.08210180623974
XGBoost,SMOTEENN,Tuned - Rank 3,0.5,0.8541870067293795,0.812,0.5282331511839709,0.7125307125307125,0.606694560669456,0.9193659545141282,0.837413684871312,0.666054203031695,37.638234359545834,19.8817631407437,52.82331511839708
LightGBM,SMOTEENN,Baseline,0.5,0.8587478079003503,0.825,0.5549132947976878,0.7076167076167076,0.6220302375809935,0.9196488858879136,0.8549905838041432,0.6707033069399162,39.26659186774793,21.7895538688081,55.49132947976878
LightGBM,SMOTEENN,Tuned - Rank 1,0.5,0.8536348366856842,0.8095,0.5233812949640287,0.714987714987715,0.6043613707165109,0.9196675900277008,0.8336472065285625,0.6662087912087912,37.42111961536422,19.585514043293138,52.33812949640287
LightGBM,SMOTEENN,Tuned - Rank 2,0.5,0.8583560447967229,0.816,0.5353901996370236,0.7248157248157249,0.615866388308977,0.9227053140096618,0.8392969240426867,0.67691601652134,38.80592356091449,20.776311162377084,53.53901996370236
LightGBM,SMOTEENN,Tuned - Rank 3,0.5,0.8511562409867495,0.8065,0.5182481751824818,0.6977886977886978,0.5947643979057592,0.9152892561983471,0.8342749529190208,0.6525735294117647,36.16277192919529,18.741290561845734,51.82481751824818
Random Forest,SMOTEENN,Threshold Tuning,0.3,0.848916713323493,0.715,0.4014510278113664,0.8157248157248157,0.5380875202593193,0.9360613810741688,0.6892655367231638,0.6761710794297352,32.74735656839647,13.146459952488062,40.145102781136636
Random Forest,SMOTEENN,Threshold Tuning,0.33,0.848916713323493,0.728,0.4120667522464698,0.7886977886977887,0.5413153456998314,0.9295659295659295,0.7124921531701193,0.6668051516410469,32.49961362926703,13.392010237477173,41.206675224646986
Random Forest,SMOTEENN,Threshold Tuning,0.35,0.848916713323493,0.735,0.4189723320158103,0.7813267813267813,0.5454545454545454,0.9282836422240129,0.7231638418079096,0.6661080854629242,32.73543036388886,13.715239599099686,41.89723320158103
Random Forest,SMOTEENN,Threshold Tuning,0.375,0.848916713323493,0.749,0.4343015214384509,0.7714987714987716,0.5557522123893806,0.9271730618637432,0.7432517263025737,0.6678009357720119,33.50630902498123,14.551840987336245,43.43015214384509
Random Forest,SMOTEENN,Threshold Tuning,0.4,0.848916713323493,0.761,0.44862518089725034,0.7616707616707616,0.5646630236794171,0.9258976317799847,0.7608286252354048,0.6683915480810694,34.170468323869194,15.329732533139579,44.862518089725036
Random Forest,SMOTEENN,Threshold Tuning,0.415,0.848916713323493,0.769,0.4587706146926537,0.7518427518427518,0.5698324022346368,0.9242310577644411,0.77338355304457,0.6666666666666666,34.49233614151155,15.82407025382689,45.87706146926537
Random Forest,SMOTEENN,Threshold Tuning,0.426,0.848916713323493,0.7725,0.4636363636363636,0.7518427518427518,0.5735707591377694,0.9246268656716418,0.7777777777777778,0.6687062937062938,34.85816394907304,16.16151237638841,46.36363636363636
Random Forest,SMOTEENN,Threshold Tuning,0.439,0.848916713323493,0.779,0.4727838258164852,0.7469287469287469,0.579047619047619,0.9240972733971997,0.7871939736346516,0.6693086745926905,35.31358305852862,16.695690901699383,47.27838258164852
Random Forest,SMOTEENN,Threshold Tuning,0.45,0.848916713323493,0.783,0.4786729857819905,0.7444717444717445,0.5826923076923077,0.9239209948792977,0.7928436911487758,0.6700574966828837,35.6358512756617,17.057919331003944,47.867298578199055
Random Forest,SMOTEENN,Threshold Tuning,0.47,0.848916713323493,0.7925,0.4934640522875817,0.742014742014742,0.592737978410206,0.9243515850144092,0.805398618957941,0.6741071428571429,36.61576014517191,18.068561378826665,49.34640522875817
Random Forest,SMOTEENN,Threshold Tuning,0.485,0.848916713323493,0.798,0.5025295109612141,0.7321867321867321,0.596,0.9225302061122956,0.8148148148148148,0.6708689779378658,36.7945440458088,18.490344225381143,50.252951096121414
Random Forest,SMOTEENN,Threshold Tuning,0.5,0.848916713323493,0.801,0.5076923076923077,0.7297297297297297,0.5987903225806451,0.9222614840989399,0.8192090395480226,0.6710347943967465,37.04781704781704,18.808891731968654,50.76923076923077
Random Forest,SMOTEENN,Threshold Tuning,0.515,0.848916713323493,0.808,0.5202821869488536,0.7248157248157249,0.6057494866529775,0.9218422889043963,0.8292529817953547,0.6719817767653758,37.71087104420438,19.620294458624855,52.02821869488537
Random Forest,SMOTEENN,Threshold Tuning,0.533,0.848916713323493,0.815,0.5335753176043557,0.7223587223587223,0.6137787056367432,0.9220151828847482,0.8386691776522285,0.6746213859568609,38.54327847068319,20.56574205150791,53.35753176043557
Random Forest,SMOTEENN,Threshold Tuning,0.55,0.848916713323493,0.8185,0.540590405904059,0.7199017199017199,0.6174920969441517,0.9218106995884774,0.8436911487758946,0.6751152073732719,38.9171962972701,21.03826294298919,54.05904059040591
